"ID","Message","Global__ID","Global__NewConfirmed","Global__TotalConfirmed","Global__NewDeaths","Global__TotalDeaths","Global__NewRecovered","Global__TotalRecovered","Countries__ID","Countries__Country","Countries__CountryCode","Countries__Slug","Countries__NewConfirmed","Countries__TotalConfirmed","Countries__NewDeaths","Countries__TotalDeaths","Countries__NewRecovered","Countries__TotalRecovered","Countries__Date","Date"
"c408c6b3-de7f-4774-9fde-98076c1c19ff","","1ed3754e-689e-4071-af58-5c707fe78abb","380908","94826486","5520","2021861","166410","51992649","2ebf4616-a769-48ae-93b9-7bcc0cfa9b56","Afghanistan","AF","afghanistan","0","54062","0","2343","0","46359","2021-01-19T22:23:19.109Z","2021-01-19T22:23:19.109Z"
"","","","","","","","","","af15baae-d4e9-4574-8335-5e7cb2855ded","Albania","AL","albania","0","67982","0","1281","0","40870","2021-01-19T22:23:19.109Z",""
"","","","","","","","","","66a25caa-724a-4410-a442-c42ba79357e0","Algeria","DZ","algeria","0","104092","0","2840","0","70747","2021-01-19T22:23:19.109Z",""
"","","","","","","","","","e2a5b062-61d0-4133-97cd-8805300a46fa","Andorra","AD","andorra","0","9083","0","91","0","8154","2021-01-19T22:23:19.109Z",""
"","","","","","","","","","3fab0361-b024-41f0-b8d7-e1c4b9387e5a","Angola","AO","angola","0","18926","0","439","0","16677","2021-01-19T22:23:19.109Z",""
"","","","","","","","","","bb88f90c-d93e-49f5-8636-bec477fef592","Antigua and Barbuda","AG","antigua-and-barbuda","0","189","0","6","0","156","2021-01-19T22:23:19.109Z",""
"","","","","","","","","","56c1337d-5d4a-4d66-bff5-c206df317e21","Argentina","AR","argentina","0","1807428","0","45832","0","1594768","2021-01-19T22:23:19.109Z",""
"","","","","","","","","","99204324-8c69-4a23-8d49-bdc9887fb697","Armenia","AM","armenia","0","164676","0","2998","0","153064","2021-01-19T22:23:19.109Z",""
"","","","","","","","","","d45eaae5-5ace-49d3-971f-e6b67d029b19","Australia","AU","australia","10","28731","0","909","10","25931","2021-01-19T22:23:19.109Z",""
"","","","","","","","","","4be6ccd5-a85d-4167-a194-df412d0c0c4e","Austria","AT","austria","0","394939","0","7122","0","370865","2021-01-19T22:23:19.109Z",""
"","","","","","","","","","81bfee5f-9186-4cef-869d-20ca01639f08","Azerbaijan","AZ","azerbaijan","0","227391","0","3022","0","215771","2021-01-19T22:23:19.109Z",""
"","","","","","","","","","c0378d4d-8709-4670-bb16-2146ae95127f","Bahamas","BS","bahamas","0","8067","0","175","0","6680","2021-01-19T22:23:19.109Z",""
"","","","","","","","","","9ed00663-c4a0-4f05-bdcf-4e871a635553","Bahrain","BH","bahrain","0","97940","0","360","0","94646","2021-01-19T22:23:19.109Z",""
"","","","","","","","","","ea7afa1d-123f-437d-bba5-c442385d3976","Bangladesh","BD","bangladesh","0","528329","0","7922","0","473173","2021-01-19T22:23:19.109Z",""
"","","","","","","","","","2562a358-8e5f-4c70-9f63-27e5e0f348d2","Barbados","BB","barbados","0","1095","0","7","0","493","2021-01-19T22:23:19.109Z",""
"","","","","","","","","","8b1a29cd-e032-4459-bb25-7d7a4bb8b739","Belarus","BY","belarus","0","227360","0","1591","0","210779","2021-01-19T22:23:19.109Z",""
"","","","","","","","","","34650939-b1dc-48a2-85f2-80bad16c2908","Belgium","BE","belgium","932","679771","37","20472","0","0","2021-01-19T22:23:19.109Z",""
"","","","","","","","","","afa8995e-f0b5-476d-943d-73309cf078de","Belize","BZ","belize","0","11592","0","282","0","10782","2021-01-19T22:23:19.109Z",""
"","","","","","","","","","507e822e-90fa-4557-9e68-dbb02a710d73","Benin","BJ","benin","0","3413","0","46","0","3245","2021-01-19T22:23:19.109Z",""
"","","","","","","","","","074d752b-8578-4a69-99ae-8bcbe27b4030","Bhutan","BT","bhutan","0","843","0","1","0","583","2021-01-19T22:23:19.109Z",""
"","","","","","","","","","3a62b12e-8428-446e-a0e1-993797d4e8e2","Bolivia","BO","bolivia","0","188733","0","9680","0","144227","2021-01-19T22:23:19.109Z",""
"","","","","","","","","","df8523b9-63fc-4fd9-9a1d-5d435929f86e","Bosnia and Herzegovina","BA","bosnia-and-herzegovina","0","118083","0","4486","0","86505","2021-01-19T22:23:19.109Z",""
"","","","","","","","","","2688f582-8c04-4c69-a587-2e93d19753d9","Botswana","BW","botswana","0","18630","0","88","0","14624","2021-01-19T22:23:19.109Z",""
"","","","","","","","","","9c48a91c-e2d4-4f32-87d6-ce60633d5231","Brazil","BR","brazil","23671","8511770","452","210299","51451","7560460","2021-01-19T22:23:19.109Z",""
"","","","","","","","","","cec3983d-05ae-49eb-acfc-060f50ed273f","Brunei Darussalam","BN","brunei","0","174","0","3","0","169","2021-01-19T22:23:19.109Z",""
"","","","","","","","","","9ec044cd-a8fb-4084-a194-a1ea4ae2729a","Bulgaria","BG","bulgaria","0","212383","0","8565","0","164255","2021-01-19T22:23:19.109Z",""
"","","","","","","","","","c969a777-b33f-469c-9f7a-6ef241259d3d","Burkina Faso","BF","burkina-faso","0","9352","0","105","0","7448","2021-01-19T22:23:19.109Z",""
"","","","","","","","","","0fb67302-b86f-4e29-9ca4-d49f468299b5","Burundi","BI","burundi","0","1245","0","2","0","773","2021-01-19T22:23:19.109Z",""
"","","","","","","","","","f2432deb-ef27-43f6-8fd7-860e2222b464","Cambodia","KH","cambodia","0","441","0","0","0","386","2021-01-19T22:23:19.109Z",""
"","","","","","","","","","9c5007b0-0a7c-4fa2-8dd1-9f2843b52579","Cameroon","CM","cameroon","0","28010","0","455","0","26861","2021-01-19T22:23:19.109Z",""
"","","","","","","","","","d25c405f-24ae-4a0a-8fe4-4770ab8fba12","Cape Verde","CV","cape-verde","0","13046","0","120","0","12287","2021-01-19T22:23:19.109Z",""
"","","","","","","","","","a7692c9e-1ba9-4349-a9aa-de5c284ba3a1","Central African Republic","CF","central-african-republic","0","4973","0","63","0","4885","2021-01-19T22:23:19.109Z",""
"","","","","","","","","","5cae7404-d3d7-43c2-9f1f-b987784c50d7","Chad","TD","chad","0","2919","0","113","0","2148","2021-01-19T22:23:19.109Z",""
"","","","","","","","","","e5fa75d7-7b11-4d1f-b232-81c0087a7426","Chile","CL","chile","3918","673750","70","17547","4290","630818","2021-01-19T22:23:19.109Z",""
"","","","","","","","","","d8f34af0-3c0d-4db1-bf68-ec7822eb96ef","China","CN","china","225","98164","1","4798","58","91263","2021-01-19T22:23:19.109Z",""
"","","","","","","","","","b6321f20-2130-4191-93df-0b777fe0b3b4","Colombia","CO","colombia","14719","1923132","373","49004","24589","1754222","2021-01-19T22:23:19.109Z",""
"","","","","","","","","","e9a55f7c-7b6a-44fd-8a37-ebca2ad8f70a","Comoros","KM","comoros","0","1769","0","49","0","1113","2021-01-19T22:23:19.109Z",""
"","","","","","","","","","81ccce03-dcaf-40dc-a796-e52b3aca0587","Congo (Brazzaville)","CG","congo-brazzaville","0","7709","0","114","0","5846","2021-01-19T22:23:19.109Z",""
"","","","","","","","","","b6cf142a-6991-45c5-8691-969263674c26","Congo (Kinshasa)","CD","congo-kinshasa","0","21060","0","634","0","14810","2021-01-19T22:23:19.109Z",""
"","","","","","","","","","02bc2596-719b-497b-b0ee-bf071a082deb","Costa Rica","CR","costa-rica","0","186016","0","2458","0","142245","2021-01-19T22:23:19.109Z",""
"","","","","","","","","","67e6ea56-ab9e-47d0-96b8-f04d9f421e0c","Croatia","HR","croatia","0","225128","0","4655","0","217197","2021-01-19T22:23:19.109Z",""
"","","","","","","","","","4ef09dae-14ac-4c2d-9139-8302aad5d098","Cuba","CU","cuba","0","18443","0","173","0","13797","2021-01-19T22:23:19.109Z",""
"","","","","","","","","","37f90051-4f8a-4857-b7ca-320cab588978","Cyprus","CY","cyprus","0","29130","0","175","0","2057","2021-01-19T22:23:19.109Z",""
"","","","","","","","","","fdc0bd57-b0e4-4982-9111-51b15a0bcd67","Czech Republic","CZ","czech-republic","0","891852","0","14449","0","732446","2021-01-19T22:23:19.109Z",""
"","","","","","","","","","673cdbd1-da73-4264-8f1c-d52e55262d56","Côte d'Ivoire","CI","cote-divoire","0","25304","0","142","0","23527","2021-01-19T22:23:19.109Z",""
"","","","","","","","","","75844abb-f905-4ca3-a664-60c698d1a03a","Denmark","DK","denmark","0","190574","0","1806","0","170683","2021-01-19T22:23:19.109Z",""
"","","","","","","","","","923261df-11c0-4b21-b27d-05a3908b3134","Djibouti","DJ","djibouti","0","5905","0","61","0","5822","2021-01-19T22:23:19.109Z",""
"","","","","","","","","","6e45b122-0e8e-4e09-bcc5-61bb08a23144","Dominica","DM","dominica","0","110","0","0","0","102","2021-01-19T22:23:19.109Z",""
"","","","","","","","","","f34bb7a0-31a4-4591-b829-3d4d401b3ae3","Dominican Republic","DO","dominican-republic","0","194966","0","2448","0","144208","2021-01-19T22:23:19.109Z",""
"","","","","","","","","","538f8dd3-86c0-4da4-9270-129d140ae610","Ecuador","EC","ecuador","0","231644","0","14322","0","199332","2021-01-19T22:23:19.109Z",""
"","","","","","","","","","6187ea6d-1af7-4996-bd62-63ac01f1480d","Egypt","EG","egypt","0","157275","0","8638","0","123491","2021-01-19T22:23:19.109Z",""
"","","","","","","","","","ebed5ef9-08dd-4ff2-8742-d098145ca0c5","El Salvador","SV","el-salvador","0","51437","0","1498","0","45223","2021-01-19T22:23:19.109Z",""
"","","","","","","","","","f1830cee-aeb2-4851-a29d-02530e123944","Equatorial Guinea","GQ","equatorial-guinea","0","5365","0","86","0","5191","2021-01-19T22:23:19.109Z",""
"","","","","","","","","","270ff97b-3f58-4334-82ae-42c96c359299","Eritrea","ER","eritrea","0","1877","0","6","0","1073","2021-01-19T22:23:19.109Z",""
"","","","","","","","","","1db7c81f-ccc7-42fa-9595-cb89307a8f05","Estonia","EE","estonia","0","37344","0","333","0","26669","2021-01-19T22:23:19.109Z",""
"","","","","","","","","","c58fa62c-4b69-4bcb-8a40-71d9c76e8099","Ethiopia","ET","ethiopia","0","131546","0","2033","0","116335","2021-01-19T22:23:19.109Z",""
"","","","","","","","","","acbd4b8a-86df-4623-a3d8-9a83e13b3011","Fiji","FJ","fiji","0","55","0","2","0","53","2021-01-19T22:23:19.109Z",""
"","","","","","","","","","6eb98b8c-159e-4df2-b16e-fba12e059d57","Finland","FI","finland","0","40505","0","618","0","31000","2021-01-19T22:23:19.109Z",""
"","","","","","","","","","58e00c9a-c32b-46a1-97e8-8f7eaf0f4bd8","France","FR","france","0","2972889","0","70826","0","216129","2021-01-19T22:23:19.109Z",""
"","","","","","","","","","179a2585-0cd1-4c6c-a690-32f6b295ee67","Gabon","GA","gabon","0","10019","0","66","0","9732","2021-01-19T22:23:19.109Z",""
"","","","","","","","","","925bfce4-defb-436c-a292-b39bb69c5342","Gambia","GM","gambia","0","3933","0","128","0","3697","2021-01-19T22:23:19.109Z",""
"","","","","","","","","","b95ac1ea-23d7-4cf8-94b2-85411d0a14be","Georgia","GE","georgia","0","247915","0","2958","0","234636","2021-01-19T22:23:19.109Z",""
"","","","","","","","","","337d00d8-391e-4b7a-b0cf-b9b20cee6aec","Germany","DE","germany","9253","2059382","362","47263","3656","1713196","2021-01-19T22:23:19.109Z",""
"","","","","","","","","","4a6ffd07-8c17-411d-bf53-eb070cf2b144","Ghana","GH","ghana","0","58065","0","352","0","55789","2021-01-19T22:23:19.109Z",""
"","","","","","","","","","93c5f058-73be-4e21-ae89-ba6776a38b25","Greece","GR","greece","0","148925","0","5488","0","93764","2021-01-19T22:23:19.109Z",""
"","","","","","","","","","d738b9f3-8722-4966-a5e7-a6f857f4e348","Grenada","GD","grenada","0","139","0","1","0","129","2021-01-19T22:23:19.109Z",""
"","","","","","","","","","0a13e4bb-86e7-4e97-a89c-968db69b1513","Guatemala","GT","guatemala","0","149146","0","5278","0","134824","2021-01-19T22:23:19.109Z",""
"","","","","","","","","","7ce4ac42-3177-4b98-bb99-6b4996b8a544","Guinea","GN","guinea","0","14165","0","81","0","13351","2021-01-19T22:23:19.109Z",""
"","","","","","","","","","94be3417-e184-47f7-a900-d297b5c9f721","Guinea-Bissau","GW","guinea-bissau","0","2509","0","45","0","2405","2021-01-19T22:23:19.109Z",""
"","","","","","","","","","5d4a6d72-e0ac-4881-9d07-00c11d4649de","Guyana","GY","guyana","0","6931","0","170","0","6173","2021-01-19T22:23:19.109Z",""
"","","","","","","","","","dde9066b-dfa7-4064-a056-210ab81689d3","Haiti","HT","haiti","0","10907","0","240","0","8956","2021-01-19T22:23:19.109Z",""
"","","","","","","","","","3221b91d-26b8-4840-9688-9f1b724ef52d","Holy See (Vatican City State)","VA","holy-see-vatican-city-state","0","27","0","0","0","15","2021-01-19T22:23:19.109Z",""
"","","","","","","","","","f868f0f8-22f0-4b70-a950-bdd2d279cfe2","Honduras","HN","honduras","0","134938","0","3368","0","60165","2021-01-19T22:23:19.109Z",""
"","","","","","","","","","cd280826-3af7-4377-9c0e-996820f85456","Hungary","HU","hungary","0","352703","0","11409","0","230441","2021-01-19T22:23:19.109Z",""
"","","","","","","","","","e8813375-e475-490a-845c-8cacc8a80579","Iceland","IS","iceland","0","5970","0","29","0","5798","2021-01-19T22:23:19.109Z",""
"","","","","","","","","","57d7fcc6-50e8-4b6a-92aa-94b660701253","India","IN","india","10050","10581823","137","152556","17411","10228753","2021-01-19T22:23:19.109Z",""
"","","","","","","","","","147ef1f8-e1f5-44f4-b026-211c88037201","Indonesia","ID","indonesia","0","917015","0","26282","0","745935","2021-01-19T22:23:19.109Z",""
"","","","","","","","","","5965406c-a3d1-4e81-a770-9db967c0ddbe","Iran, Islamic Republic of","IR","iran","0","1336217","0","56886","0","1125499","2021-01-19T22:23:19.109Z",""
"","","","","","","","","","38e8cc37-89d7-4bad-bd26-84d733ea06d3","Iraq","IQ","iraq","0","609029","0","12953","0","571198","2021-01-19T22:23:19.109Z",""
"","","","","","","","","","1609e336-7df7-45eb-b90f-6770d297d482","Ireland","IE","ireland","0","174843","0","2616","0","23364","2021-01-19T22:23:19.109Z",""
"","","","","","","","","","04664a35-22ce-43e3-93ad-8855ff3c34fd","Israel","IL","israel","0","558249","0","4044","0","473310","2021-01-19T22:23:19.109Z",""
"","","","","","","","","","2530e2ce-97ee-446b-ae7f-1a1b69fc74b6","Italy","IT","italy","8825","2390102","377","82554","14763","1760489","2021-01-19T22:23:19.109Z",""
"","","","","","","","","","2791fd6d-ab1c-4217-8d9a-c4c9a3ffa3fb","Jamaica","JM","jamaica","0","14274","0","326","0","11727","2021-01-19T22:23:19.109Z",""
"","","","","","","","","","cb18bd4f-2807-491f-b4fb-018a4eda8c49","Japan","JP","japan","4890","335605","61","4366","4299","252631","2021-01-19T22:23:19.109Z",""
"","","","","","","","","","21642c89-cd41-4455-a00f-5f46b80e6e3c","Jordan","JO","jordan","0","315544","0","4153","0","300340","2021-01-19T22:23:19.109Z",""
"","","","","","","","","","52bc302c-647c-4c87-878c-e661d8b2c254","Kazakhstan","KZ","kazakhstan","0","216964","0","2891","0","189105","2021-01-19T22:23:19.109Z",""
"","","","","","","","","","f7b15713-26c6-4df0-9f9d-d50728e6452f","Kenya","KE","kenya","0","99227","0","1734","0","82427","2021-01-19T22:23:19.109Z",""
"","","","","","","","","","4223fe20-3b39-47e4-b2de-61886bd09005","Korea (South)","KR","korea-south","0","73115","0","1283","0","59468","2021-01-19T22:23:19.109Z",""
"","","","","","","","","","62159f01-fd28-4c68-a0f3-103404eed351","Kuwait","KW","kuwait","0","158244","0","948","0","151496","2021-01-19T22:23:19.109Z",""
"","","","","","","","","","bdef2825-b835-4ccd-8718-a073f92d5b72","Kyrgyzstan","KG","kyrgyzstan","0","83178","0","1387","0","79104","2021-01-19T22:23:19.109Z",""
"","","","","","","","","","d3d3582e-dc43-429c-9cdf-f1220abeb00e","Lao PDR","LA","lao-pdr","0","41","0","0","0","41","2021-01-19T22:23:19.109Z",""
"","","","","","","","","","85b1fa55-67f6-4517-b4f6-e9ef58ca0eea","Latvia","LV","latvia","0","55908","0","983","0","42426","2021-01-19T22:23:19.109Z",""
"","","","","","","","","","c12828c4-1139-4b51-9371-dd0179fd606e","Lebanon","LB","lebanon","0","255956","0","1959","0","154608","2021-01-19T22:23:19.109Z",""
"","","","","","","","","","f4131f82-5f91-478a-81b1-65372e8a814d","Lesotho","LS","lesotho","0","7018","0","101","0","1652","2021-01-19T22:23:19.109Z",""
"","","","","","","","","","639ee4b7-31fc-4ef5-8c88-3c1e28305e5b","Liberia","LR","liberia","0","1896","0","84","0","1707","2021-01-19T22:23:19.109Z",""
"","","","","","","","","","56a6b140-5e83-43c4-98a8-721930cd5fcb","Libya","LY","libya","0","109869","0","1698","0","87197","2021-01-19T22:23:19.109Z",""
"","","","","","","","","","d593247b-b1df-4020-9c34-e52aa49bbae1","Liechtenstein","LI","liechtenstein","0","2395","0","50","0","2281","2021-01-19T22:23:19.109Z",""
"","","","","","","","","","7e467fb5-21f9-442c-a3fe-efa8de436015","Lithuania","LT","lithuania","0","167992","0","2469","0","104297","2021-01-19T22:23:19.109Z",""
"","","","","","","","","","511d333a-51bb-410d-ac91-b942c199315e","Luxembourg","LU","luxembourg","0","48890","0","557","0","45997","2021-01-19T22:23:19.109Z",""
"","","","","","","","","","a01520ea-921f-4d3e-9c88-fa1aecc81f97","Macedonia, Republic of","MK","macedonia","0","88992","0","2715","0","73777","2021-01-19T22:23:19.109Z",""
"","","","","","","","","","a59ad2a3-f71e-4f17-be2b-9058c2300134","Madagascar","MG","madagascar","0","18301","0","273","0","17609","2021-01-19T22:23:19.109Z",""
"","","","","","","","","","08781c75-07af-4ab2-8bad-4637f1fd6877","Malawi","MW","malawi","0","13027","0","321","0","6080","2021-01-19T22:23:19.109Z",""
"","","","","","","","","","0f0fdfe7-fc06-4360-9991-e9922ce63052","Malaysia","MY","malaysia","0","161740","0","605","0","122344","2021-01-19T22:23:19.109Z",""
"","","","","","","","","","c7ea3051-7f5b-46f0-b052-7edc94633d0e","Maldives","MV","maldives","0","14582","0","49","0","13566","2021-01-19T22:23:19.109Z",""
"","","","","","","","","","617637fc-6729-4597-bdc3-8eb4173f34bb","Mali","ML","mali","0","7855","0","311","0","5589","2021-01-19T22:23:19.109Z",""
"","","","","","","","","","856e1120-49fa-4ce9-8fdd-65d61b00b15f","Malta","MT","malta","0","15742","0","241","0","12717","2021-01-19T22:23:19.109Z",""
"","","","","","","","","","d24559ea-e116-4d8e-9491-6ce8369dff04","Marshall Islands","MH","marshall-islands","0","4","0","0","0","4","2021-01-19T22:23:19.109Z",""
"","","","","","","","","","e63ecb4f-c67b-4f00-aca6-de810e66c375","Mauritania","MR","mauritania","0","16081","0","403","0","14605","2021-01-19T22:23:19.109Z",""
"","","","","","","","","","d7d5b9cb-e93a-406d-bfab-47beb5b46a0f","Mauritius","MU","mauritius","0","556","0","10","0","518","2021-01-19T22:23:19.109Z",""
"","","","","","","","","","87fc962c-ed51-41d4-aa07-743818df3a7f","Mexico","MX","mexico","8074","1649502","544","141248","14213","1237321","2021-01-19T22:23:19.109Z",""
"","","","","","","","","","ebf42021-49a8-4f98-9576-815e7fb06178","Moldova","MD","moldova","0","153112","0","3267","0","143330","2021-01-19T22:23:19.109Z",""
"","","","","","","","","","3def3b95-7ccb-4499-a160-501497aab4f5","Monaco","MC","monaco","0","1212","0","7","0","1013","2021-01-19T22:23:19.109Z",""
"","","","","","","","","","fceb84c1-9dc7-4e05-9d70-bc7f52ff9a4a","Mongolia","MN","mongolia","0","1536","0","2","0","995","2021-01-19T22:23:19.109Z",""
"","","","","","","","","","f6d8f4e7-abdb-4f7c-83b1-ed0b056bbf02","Montenegro","ME","montenegro","0","55803","0","746","0","45898","2021-01-19T22:23:19.109Z",""
"","","","","","","","","","11e39051-86eb-4ec0-9887-c7b184a57815","Morocco","MA","morocco","0","460144","0","7977","0","435686","2021-01-19T22:23:19.109Z",""
"","","","","","","","","","5b73855b-4290-4ebe-9d4d-488a17593a15","Mozambique","MZ","mozambique","0","27446","0","249","0","18880","2021-01-19T22:23:19.109Z",""
"","","","","","","","","","41aa8630-9458-493f-81c1-7bc275aaf457","Myanmar","MM","myanmar","0","134795","0","2973","0","118200","2021-01-19T22:23:19.109Z",""
"","","","","","","","","","8374ac12-9af7-4cb0-a114-f290e31b4615","Namibia","NA","namibia","0","30753","0","293","0","27493","2021-01-19T22:23:19.109Z",""
"","","","","","","","","","37522377-1285-4624-b415-7433ca591096","Nepal","NP","nepal","0","267644","0","1965","0","261818","2021-01-19T22:23:19.109Z",""
"","","","","","","","","","ea27e42c-927d-41b6-ac3b-8bba323d5756","Netherlands","NL","netherlands","4754","917308","50","13056","0","0","2021-01-19T22:23:19.109Z",""
"","","","","","","","","","ee7fecd9-d730-498e-841e-5cce593db54a","New Zealand","NZ","new-zealand","0","2262","0","25","0","2152","2021-01-19T22:23:19.109Z",""
"","","","","","","","","","321fbef4-2421-4bb5-912c-49c743e03c71","Nicaragua","NI","nicaragua","0","6152","0","167","0","4225","2021-01-19T22:23:19.109Z",""
"","","","","","","","","","be45648a-9c95-4750-a136-6f65b3611c34","Niger","NE","niger","0","4204","0","145","0","3136","2021-01-19T22:23:19.109Z",""
"","","","","","","","","","21ed3da4-210d-4352-8c8a-610f901ef8e1","Nigeria","NG","nigeria","0","112004","0","1449","0","89939","2021-01-19T22:23:19.109Z",""
"","","","","","","","","","e867fee1-ea38-472e-a3a8-e8cea08e5f11","Norway","NO","norway","0","59034","0","521","0","17998","2021-01-19T22:23:19.109Z",""
"","","","","","","","","","bd163083-ca33-4cc2-875d-4596dbb87ed0","Oman","OM","oman","0","132011","0","1514","0","124213","2021-01-19T22:23:19.109Z",""
"","","","","","","","","","2c9e4363-6b71-4571-888b-9af735752b7b","Pakistan","PK","pakistan","1800","523011","58","11055","1243","476471","2021-01-19T22:23:19.109Z",""
"","","","","","","","","","624753da-9919-4005-a6b9-f566d616ee52","Palestinian Territory","PS","palestine","0","152555","0","1726","0","140075","2021-01-19T22:23:19.109Z",""
"","","","","","","","","","9d1a16c7-8601-47d0-ab7b-3a24bf62997b","Panama","PA","panama","0","299361","0","4828","0","241128","2021-01-19T22:23:19.109Z",""
"","","","","","","","","","476a3b67-a2da-41b9-8353-a69891a8ca84","Papua New Guinea","PG","papua-new-guinea","0","834","0","9","0","755","2021-01-19T22:23:19.109Z",""
"","","","","","","","","","efc0a836-e69a-42e0-a18a-8fe13cd961e7","Paraguay","PY","paraguay","0","122588","0","2518","0","98465","2021-01-19T22:23:19.109Z",""
"","","","","","","","","","09ad3026-3994-442c-9d2d-82559a3f3092","Peru","PE","peru","0","1060567","0","38770","6654","984726","2021-01-19T22:23:19.109Z",""
"","","","","","","","","","6c781332-52d9-4d32-bd3d-93184289c123","Philippines","PH","philippines","0","502736","0","9909","0","465988","2021-01-19T22:23:19.109Z",""
"","","","","","","","","","f948258b-6fcb-4044-a5b4-48965c4466cd","Poland","PL","poland","0","1438914","0","33407","0","1187719","2021-01-19T22:23:19.109Z",""
"","","","","","","","","","432b7dee-bff5-4f17-a624-3adcd8f902e9","Portugal","PT","portugal","0","556503","0","9028","0","411589","2021-01-19T22:23:19.109Z",""
"","","","","","","","","","eb1283a1-5444-4f54-9ed8-3adca33f8626","Qatar","QA","qatar","0","147504","0","248","0","144015","2021-01-19T22:23:19.109Z",""
"","","","","","","","","","1222da7a-b6f0-4df9-a944-82751a253824","Republic of Kosovo","XK","kosovo","0","55851","0","1410","0","49271","2021-01-19T22:23:19.109Z",""
"","","","","","","","","","96a06bc7-8eaa-4321-b6f8-aa6e6890287b","Romania","RO","romania","0","695153","0","17271","0","625449","2021-01-19T22:23:19.109Z",""
"","","","","","","","","","ccfca159-b788-4c56-8874-36b39b58f0af","Russian Federation","RU","russia","22509","3552888","458","65059","18224","2947479","2021-01-19T22:23:19.109Z",""
"","","","","","","","","","e081cf88-b632-49ea-bf92-d0b3187202e2","Rwanda","RW","rwanda","0","11259","0","146","0","7412","2021-01-19T22:23:19.109Z",""
"","","","","","","","","","28a8042e-0c19-457e-9c0f-074aa36dbb55","Saint Kitts and Nevis","KN","saint-kitts-and-nevis","0","35","0","0","0","33","2021-01-19T22:23:19.109Z",""
"","","","","","","","","","fe3b795a-9518-4d9f-ba72-cf1f9af7ab98","Saint Lucia","LC","saint-lucia","0","621","0","8","0","329","2021-01-19T22:23:19.109Z",""
"","","","","","","","","","04b3ffe8-0fb8-4137-beaa-e521578f54cc","Saint Vincent and Grenadines","VC","saint-vincent-and-the-grenadines","0","494","0","1","0","118","2021-01-19T22:23:19.109Z",""
"","","","","","","","","","0deff2b6-ec35-4281-83da-58a87ead5e74","Samoa","WS","samoa","0","2","0","0","0","2","2021-01-19T22:23:19.109Z",""
"","","","","","","","","","8fc8038e-2fd9-42fa-875c-2e190a58a121","San Marino","SM","san-marino","0","2787","0","65","0","2464","2021-01-19T22:23:19.109Z",""
"","","","","","","","","","5cb54689-3c5b-49ca-b7b9-b7e56c8ac092","Sao Tome and Principe","ST","sao-tome-and-principe","0","1142","0","17","0","993","2021-01-19T22:23:19.109Z",""
"","","","","","","","","","4eaf1eb3-51a2-498f-99a6-162a3c19718f","Saudi Arabia","SA","saudi-arabia","0","365099","0","6329","0","356848","2021-01-19T22:23:19.109Z",""
"","","","","","","","","","4ac726fc-36ff-4c2d-903c-05e4f566a3a3","Senegal","SN","senegal","0","23224","0","526","0","19414","2021-01-19T22:23:19.109Z",""
"","","","","","","","","","7823133a-970b-4590-b03f-22c28837ee78","Serbia","RS","serbia","0","374111","0","3771","0","0","2021-01-19T22:23:19.109Z",""
"","","","","","","","","","d9e826f4-f52b-4b5b-b487-2be5ecf561c9","Seychelles","SC","seychelles","0","746","0","2","0","563","2021-01-19T22:23:19.109Z",""
"","","","","","","","","","5432952b-d661-4fd5-819c-0fac4a166039","Sierra Leone","SL","sierra-leone","0","3014","0","77","0","2107","2021-01-19T22:23:19.109Z",""
"","","","","","","","","","994db272-d73e-4c98-8ff5-fdae18f940d4","Singapore","SG","singapore","0","59127","0","29","0","58868","2021-01-19T22:23:19.109Z",""
"","","","","","","","","","84985ad8-ee8a-4330-a169-23e4421a045c","Slovakia","SK","slovakia","0","224385","0","3526","0","171092","2021-01-19T22:23:19.109Z",""
"","","","","","","","","","63255bbb-970c-447f-8d65-3488e34e9f2a","Slovenia","SI","slovenia","0","149424","0","3206","0","122745","2021-01-19T22:23:19.109Z",""
"","","","","","","","","","835b46dc-bcac-4f28-b9d4-8362b56d4776","Solomon Islands","SB","solomon-islands","0","17","0","0","0","10","2021-01-19T22:23:19.109Z",""
"","","","","","","","","","0bf60dd2-1cec-421c-bf1b-aa55e67fc164","Somalia","SO","somalia","0","4744","0","130","0","3666","2021-01-19T22:23:19.109Z",""
"","","","","","","","","","e3cc2dfa-a378-4378-a15a-bd6a34ca8675","South Africa","ZA","south-africa","0","1346936","0","37449","0","1117452","2021-01-19T22:23:19.109Z",""
"","","","","","","","","","0398f52e-a08f-4ca8-86bb-7ab001f23549","South Sudan","SS","south-sudan","0","3703","0","63","0","3181","2021-01-19T22:23:19.109Z",""
"","","","","","","","","","e95f0420-f02d-49ae-8443-e97f7a4e0ac7","Spain","ES","spain","84287","2336451","455","53769","0","150376","2021-01-19T22:23:19.109Z",""
"","","","","","","","","","2b809c46-4259-4ad0-9354-d8ee50d29ca6","Sri Lanka","LK","sri-lanka","0","53750","0","270","0","45820","2021-01-19T22:23:19.109Z",""
"","","","","","","","","","cdc9ed66-4dca-406e-83a5-2343a288049e","Sudan","SD","sudan","0","26279","0","1603","0","15688","2021-01-19T22:23:19.109Z",""
"","","","","","","","","","6ea11848-e97c-4776-9040-ebddef03642c","Suriname","SR","suriname","0","7624","0","145","0","6834","2021-01-19T22:23:19.109Z",""
"","","","","","","","","","037deb40-1594-497c-83a0-f3f7e47c785c","Swaziland","SZ","swaziland","0","13187","0","384","0","8374","2021-01-19T22:23:19.109Z",""
"","","","","","","","","","344eaef5-3e04-4d89-a537-23ee2698fac8","Sweden","SE","sweden","0","523486","0","10323","0","0","2021-01-19T22:23:19.109Z",""
"","","","","","","","","","f33c2e72-5c4f-4931-a491-d2bc82c55d6e","Switzerland","CH","switzerland","0","499931","0","8792","0","317600","2021-01-19T22:23:19.109Z",""
"","","","","","","","","","90b1cbd8-5c55-474a-bf0a-b53bbc7b5b77","Syrian Arab Republic (Syria)","SY","syria","0","13132","0","841","0","6624","2021-01-19T22:23:19.109Z",""
"","","","","","","","","","d755ccd8-ce00-49b5-b429-de36e4c7bf48","Taiwan, Republic of China","TW","taiwan","0","862","0","7","0","756","2021-01-19T22:23:19.109Z",""
"","","","","","","","","","dd099c75-7bd6-4086-949e-321c8e828584","Tajikistan","TJ","tajikistan","0","13308","0","90","0","13218","2021-01-19T22:23:19.109Z",""
"","","","","","","","","","ec5726b3-b6c6-4f5a-a8ab-c01891df8387","Tanzania, United Republic of","TZ","tanzania","0","509","0","21","0","183","2021-01-19T22:23:19.109Z",""
"","","","","","","","","","758fc773-417d-4677-b491-fe6905f31310","Thailand","TH","thailand","0","12594","0","70","0","9356","2021-01-19T22:23:19.109Z",""
"","","","","","","","","","3348f14b-b7d1-4828-9409-6a1376a08138","Timor-Leste","TL","timor-leste","0","52","0","0","0","49","2021-01-19T22:23:19.109Z",""
"","","","","","","","","","13503d28-c09e-4d33-8678-266e8f685fc6","Togo","TG","togo","0","4324","0","74","0","3785","2021-01-19T22:23:19.109Z",""
"","","","","","","","","","0399829b-6f97-4d62-b456-8662bec02c06","Trinidad and Tobago","TT","trinidad-and-tobago","0","7399","0","132","0","6938","2021-01-19T22:23:19.109Z",""
"","","","","","","","","","a75dbeae-bbff-483d-901a-9adcbe19ec5e","Tunisia","TN","tunisia","0","181885","0","5750","0","131019","2021-01-19T22:23:19.109Z",""
"","","","","","","","","","6272a93f-cec2-4c22-916b-38b543b8f8ae","Turkey","TR","turkey","0","2392963","0","24161","0","2270769","2021-01-19T22:23:19.109Z",""
"","","","","","","","","","a26c4c50-5a9e-4d42-a685-aad53f5972cb","Uganda","UG","uganda","0","38085","0","304","0","13083","2021-01-19T22:23:19.109Z",""
"","","","","","","","","","d28c954f-05f7-4a1d-a677-7ef1dacb421b","Ukraine","UA","ukraine","3382","1201894","80","21847","5345","902481","2021-01-19T22:23:19.109Z",""
"","","","","","","","","","6fd9f05e-a72a-46ec-bc72-408b33236540","United Arab Emirates","AE","united-arab-emirates","0","256732","0","751","0","228364","2021-01-19T22:23:19.109Z",""
"","","","","","","","","","1dd2049c-82cd-4450-a1f9-e44045221b03","United Kingdom","GB","united-kingdom","37610","3443350","602","90031","204","8246","2021-01-19T22:23:19.109Z",""
"","","","","","","","","","484f6860-c591-432b-ace1-47a136902689","United States of America","US","united-states","141999","24078772","1403","399003","0","0","2021-01-19T22:23:19.109Z",""
"","","","","","","","","","7063f6e7-4362-47b3-98da-b2bbdd5e5bb9","Uruguay","UY","uruguay","0","32863","0","319","0","24618","2021-01-19T22:23:19.109Z",""
"","","","","","","","","","9bc4d655-ee6c-4e63-9b6b-661afd42013c","Uzbekistan","UZ","uzbekistan","0","78036","0","619","0","76538","2021-01-19T22:23:19.109Z",""
"","","","","","","","","","c762c7a9-b5bf-447d-a527-30627dca67cf","Vanuatu","VU","vanuatu","0","1","0","0","0","1","2021-01-19T22:23:19.109Z",""
"","","","","","","","","","193deab5-95d0-4fa5-abf5-f097db207ca7","Venezuela (Bolivarian Republic)","VE","venezuela","0","120444","0","1112","0","113328","2021-01-19T22:23:19.109Z",""
"","","","","","","","","","ff81dc6b-47ca-4db0-a4b0-6f58cff6bef1","Viet Nam","VN","vietnam","0","1539","0","35","0","1402","2021-01-19T22:23:19.109Z",""
"","","","","","","","","","1acae7a8-3838-4061-821c-70d998a51827","Yemen","YE","yemen","0","2113","0","612","0","1421","2021-01-19T22:23:19.109Z",""
"","","","","","","","","","b7057fa9-db7c-4414-b1e0-85e4f74e7ba1","Zambia","ZM","zambia","0","38207","0","559","0","27327","2021-01-19T22:23:19.109Z",""
"","","","","","","","","","c59577b4-16a0-4370-a9ae-fa39a997ad36","Zimbabwe","ZW","zimbabwe","0","27892","0","773","0","17372","2021-01-19T22:23:19.109Z",""
